Name;Author;Genre;Length;Instrument;Major;BPM;Link
Talk love;Kwill;Korean;03:00;Piano;C;405;https://drive.google.com/file/d/16e6pK1_wP-X9GUhswWNz_DuM4kZdwRGm/view
Talk love;Kwill;Korean;03:00;Piano;C;405;
Talk love;Kwill;Korean;03:00;Piano;C;405;
Talk love;Kwill;Korean;03:00;Piano;C;405;
Talk love;Kwill;Korean;03:00;Piano;C;405;
Talk love;Kwill;Korean;03:00;Piano;C;405;
Talk love;Kwill;Korean;03:00;Piano;C;405;
Talk love;Kwill;Korean;03:00;Piano;C;405;
Talk love;Kwill;Korean;03:00;Piano;C;405;
Talk love;Kwill;Korean;03:00;Piano;C;405;
Talk love;Kwill;Korean;03:00;Piano;C;405;
Talk love;Kwill;Korean;03:00;Piano;C;405;
Talk love;Kwill;Korean;03:00;Piano;C;405;
Talk love;Kwill;Korean;03:00;Piano;C;405;
Talk love;Kwill;Korean;03:00;Piano;C;405;
